"Trial","Point","Treatment","Tr.Type","Exemplar","Forest.type","Spp","ID","Pre.Dist","Post.Dist","R2.recruit","Net.Dist"
1,"TF1","MSF","MSF","MSF5","TF","MYLOP","MYLOP1",30,30,0,0
1,"TF1","MSF","MSF","MSF5","TF","MYMYO","MYMYO1",35,30,1,5
1,"TF1","MSF","MSF","MSF5","TF","MYMYO","MYMYO2",35,30,1,5
1,"TF1","MSF","MSF","MSF5","TF","MYMYO","MYMYO3",30,20,1,10
1,"TF1","MSF","MSF","MSF5","TF","UKCAN1","UKCAN1",20,20,0,0
2,"TF32","NF","NF","NF3","TF","MYGAI","MYGAI1",30,20,1,10
3,"TF31","CTRL","CTRL","CTRL1","TF","TEERY","TEERY1",20,5,1,15
3,"TF31","CTRL","CTRL","CTRL1","TF","TEERY","TEERY2",20,15,1,5
4,"TF30","MSFSOLO","HARU","HARU2","TF","CALEU","CALEU1",40,15,1,25
4,"TF30","MSFSOLO","HARU","HARU2","TF","MYMYO","MYMYO1",40,40,0,0
4,"TF30","MSFSOLO","HARU","HARU2","TF","MYMYO","MYMYO1",20,40,0,-20
4,"TF30","MSFSOLO","HARU","HARU2","TF","MYMYO","MYMYO2",40,40,0,0
4,"TF30","MSFSOLO","HARU","HARU2","TF","PHHIS","PHHIS1",0,0,0,0
5,"TF4","NFSOLO","PLCO","PLCO5","TF","CECIN","CECIN1",30,15,1,15
5,"TF4","NFSOLO","PLCO","PLCO5","TF","CECIN","CECIN2",20,15,1,5
5,"TF4","NFSOLO","PLCO","PLCO5","TF","FOANA","FOANA1",15,15,0,0
5,"TF4","NFSOLO","PLCO","PLCO5","TF","LECOR","LECOR1",15,15,0,0
6,"TF3","NFSOLO","HEGR","HEGR4","TF","HEGRI","HEGRI1",0,0,0,0
8,"TF8","MSFSOLO","TUOC","TUOC3","TF","CECIN","CECIN1",20,20,0,0
8,"TF8","MSFSOLO","TUOC","TUOC3","TF","CECIN","CECIN2",20,20,0,0
8,"TF8","MSFSOLO","TUOC","TUOC3","TF","HEGRI","HEGRI1",15,15,0,0
8,"TF8","MSFSOLO","TUOC","TUOC3","TF","RHSIM","RHSIM1",80,80,0,0
9,"TF11","NF","NF","NF1","TF","CECIN","CECIN1",15,15,0,0
9,"TF11","NF","NF","NF1","TF","ELPLA","ELPLA1",70,70,0,0
9,"TF11","NF","NF","NF1","TF","ELPLA","ELPLA2",70,70,0,0
10,"TF13","CTRL","CTRL","CTRL5","TF","MYMYO","MYMYO1",50,50,0,0
10,"TF13","CTRL","CTRL","CTRL5","TF","RHSIM","RHSIM1",80,70,1,10
11,"TF14","MSF","MSF","MSF2","TF","HEGRI","HEGRI1",30,30,0,0
12,"TF15","CTRL","CTRL","CTRL4","TF","LAHYP","LAHYP1",60,60,0,0
13,"TF29","MSFSOLO","MYLO","MYLO1","TF","CECIN","CECIN1",15,15,0,0
13,"TF29","MSFSOLO","MYLO","MYLO1","TF","CECIN","CECIN2",15,15,0,0
13,"TF29","MSFSOLO","MYLO","MYLO1","TF","LEAMA","LEAMA1",15,15,0,0
13,"TF29","MSFSOLO","MYLO","MYLO1","TF","MYGAI","MYGAI1",10,5,1,5
13,"TF29","MSFSOLO","MYLO","MYLO1","TF","MYMYO","MYMYO1",50,50,0,0
13,"TF29","MSFSOLO","MYLO","MYLO1","TF","MYMYO","MYMYO2",50,50,0,0
13,"TF29","MSFSOLO","MYLO","MYLO1","TF","PAMIN","PAMIN1",10,10,0,0
13,"TF29","MSFSOLO","MYLO","MYLO1","TF","RHSIM","RHSIM1",50,40,1,10
13,"TF29","MSFSOLO","MYLO","MYLO1","TF","TRMEL","TRMEL1",50,50,0,0
13,"TF29","MSFSOLO","MYLO","MYLO1","TF","WIPOE","WIPOE1",20,10,1,10
14,"TF27","NF","NF","NF2","TF","AKGOE","AKGOE1",30,30,0,0
14,"TF27","NF","NF","NF2","TF","HAFOR","HAFOR1",50,20,1,30
14,"TF27","NF","NF","NF2","TF","MONIG","MONIG1",50,50,0,0
14,"TF27","NF","NF","NF2","TF","MYMYO","MYMYO1",50,40,1,10
14,"TF27","NF","NF","NF2","TF","MYMYO","MYMYO2",40,40,0,0
15,"TF28","NFSOLO","LAHY","LAHY7","TF","CECIN","CECIN1",30,30,0,0
15,"TF28","NFSOLO","LAHY","LAHY7","TF","CECIN","CECIN2",30,30,0,0
15,"TF28","NFSOLO","LAHY","LAHY7","TF","CYLIN","CYLIN1",60,60,0,0
15,"TF28","NFSOLO","LAHY","LAHY7","TF","MYMYO","MYMYO1",20,20,0,0
15,"TF28","NFSOLO","LAHY","LAHY7","TF","MYMYO","MYMYO2",20,20,0,0
15,"TF28","NFSOLO","LAHY","LAHY7","TF","THSCH","THSCH1",20,30,0,-10
16,"TF21","NF","NF","NF5","TF","CYLIN","CYLIN1",40,40,0,0
16,"TF21","NF","NF","NF5","TF","PLPLA","PLPLA1",10,10,0,0
16,"TF21","NF","NF","NF5","TF","SCHEM","SCHEM1",40,70,0,-30
17,"TF20","MSFSOLO","MYSC","MYSC8","TF","THSCH","THSCH1",20,20,0,0
17,"TF20","MSFSOLO","MYSC","MYSC8","TF","THSCH","THSCH2",20,20,0,0
17,"TF20","MSFSOLO","MYSC","MYSC8","TF","THSCH","THSCH3",20,30,0,-10
17,"TF20","MSFSOLO","MYSC","MYSC8","TF","TRCUR","TRCUR1",20,20,0,0
18,"TF19","NFSOLO","LECO","LECO2","TF","CATUR","CATUR1",20,30,0,-10
18,"TF19","NFSOLO","LECO","LECO2","TF","CATUR","CATUR1",20,100,0,-80
18,"TF19","NFSOLO","LECO","LECO2","TF","ELPLA","ELPLA1",10,10,0,0
18,"TF19","NFSOLO","LECO","LECO2","TF","HEGRI","HEGRI1",30,15,1,15
18,"TF19","NFSOLO","LECO","LECO2","TF","LAHYP","LAHYP1",80,70,1,10
18,"TF19","NFSOLO","LECO","LECO2","TF","MYMYO","MYMYO1",60,20,1,40
18,"TF19","NFSOLO","LECO","LECO2","TF","MYMYO","MYMYO2",60,15,1,45
18,"TF19","NFSOLO","LECO","LECO2","TF","VILEU","VILEU1",60,60,0,0
19,"TF9","CTRL","CTRL","CTRL3","TF","CECIN","CECIN1",60,50,1,10
19,"TF9","CTRL","CTRL","CTRL3","TF","FOANA","FOANA1",80,80,0,0
19,"TF9","CTRL","CTRL","CTRL3","TF","PICHL","PICHL1",60,60,0,0
19,"TF9","CTRL","CTRL","CTRL3","TF","TRVIR","TRVIR1",50,50,0,0
20,"TF12","CTRL","CTRL","CTRL2","TF","FOANA","FOANA1",50,30,1,20
20,"TF12","CTRL","CTRL","CTRL2","TF","FOANA","FOANA1",50,30,1,20
20,"TF12","CTRL","CTRL","CTRL2","TF","MYGAI","MYGAI1",20,60,0,-40
20,"TF12","CTRL","CTRL","CTRL2","TF","MYSCL","MYSCL1",60,40,1,20
20,"TF12","CTRL","CTRL","CTRL2","TF","PAHYP","PAHYP1",20,30,0,-10
20,"TF12","CTRL","CTRL","CTRL2","TF","SCHEM","SCHEM1",50,50,0,0
20,"TF12","CTRL","CTRL","CTRL2","TF","SCHEM","SCHEM1",40,50,0,-10
20,"TF12","CTRL","CTRL","CTRL2","TF","TRCUR","TRCUR1",50,60,0,-10
20,"TF12","CTRL","CTRL","CTRL2","TF","TRCUR","TRCUR1",50,60,0,-10
21,"TF14","MSFSOLO","THAR","THAR6","TF","COTOR","COTOR1",50,80,0,-30
21,"TF14","MSFSOLO","THAR","THAR6","TF","LECOR","LECOR1",40,40,0,0
22,"TF22","MSF","MSF","MSF3","TF","ELPLA","ELPLA1",60,60,0,0
22,"TF22","MSF","MSF","MSF3","TF","ELPLA","ELPLA2",60,60,0,0
22,"TF22","MSF","MSF","MSF3","TF","HEGRI","HEGRI1",10,10,0,0
22,"TF22","MSF","MSF","MSF3","TF","LAHYP","LAHYP1",20,50,0,-30
22,"TF22","MSF","MSF","MSF3","TF","MYMYO","MYMYO1",60,40,1,20
22,"TF22","MSF","MSF","MSF3","TF","MYMYO","MYMYO2",60,40,1,20
22,"TF22","MSF","MSF","MSF3","TF","PAHYP","PAHYP1",40,40,0,0
22,"TF22","MSF","MSF","MSF3","TF","PYSTE","PYSTE1",40,40,0,0
23,"TF13","NFSOLO","MOMO","MOMO8","TF","DERUF","DERUF1",50,20,1,30
23,"TF13","NFSOLO","MOMO","MOMO8","TF","MIMAR","MIMAR1",50,50,0,0
23,"TF13","NFSOLO","MOMO","MOMO8","TF","PHPAV","PHPAV1",40,40,0,0
23,"TF13","NFSOLO","MOMO","MOMO8","TF","SCHEM","SCHEM1",40,40,0,0
23,"TF13","NFSOLO","MOMO","MOMO8","TF","TRCUR","TRCUR1",80,80,0,0
23,"TF13","NFSOLO","MOMO","MOMO8","TF","XIGUT","XIGUT1",20,15,1,5
24,"TF27","NF","NF","NF4","TF","CECIN","CECIN1",15,20,0,-5
24,"TF27","NF","NF","NF4","TF","CECIN","CECIN2",15,20,0,-5
24,"TF27","NF","NF","NF4","TF","MIRUF","MIRUF1",50,60,0,-10
24,"TF27","NF","NF","NF4","TF","MYMYO","MYMYO1",15,25,0,-10
24,"TF27","NF","NF","NF4","TF","MYMYO","MYMYO2",15,20,0,-5
24,"TF27","NF","NF","NF4","TF","MYMYO","MYMYO3",40,30,1,10
25,"TF28","MSF","MSF","MSF4","TF","AKGOE","AKGOE1",50,50,0,0
25,"TF28","MSF","MSF","MSF4","TF","HEGRI","HEGRI1",20,10,1,10
25,"TF28","MSF","MSF","MSF4","TF","LECOR","LECOR1",25,20,1,5
25,"TF28","MSF","MSF","MSF4","TF","MIMAR","MIMAR1",50,50,0,0
26,"TF29","NF","NF","NF1","TF","CECIN","CECIN1",20,20,0,0
26,"TF29","NF","NF","NF1","TF","MONIG","MONIG1",65,30,1,35
26,"TF29","NF","NF","NF1","TF","RHSIM","RHSIM1",40,30,1,10
26,"TF29","NF","NF","NF1","TF","TRCUR","TRCUR1",60,60,0,0
27,"TF31","MSFSOLO","MYLO","MYLO4","TF","AUOCH","AUOCH1",50,40,1,10
27,"TF31","MSFSOLO","MYLO","MYLO4","TF","CECIN","CECIN1",30,20,1,10
27,"TF31","MSFSOLO","MYLO","MYLO4","TF","CESER","CESER1",50,50,0,0
27,"TF31","MSFSOLO","MYLO","MYLO4","TF","MYMYO","MYMYO1",30,40,0,-10
28,"TF32","NFSOLO","PLCO","PLCO6","TF","AUOCH","AUOCH1",40,45,0,-5
28,"TF32","NFSOLO","PLCO","PLCO6","TF","CAAUR","CAAUR1",45,45,0,0
28,"TF32","NFSOLO","PLCO","PLCO6","TF","CALEU","CALEU1",35,40,0,-5
28,"TF32","NFSOLO","PLCO","PLCO6","TF","HEGRI","HEGRI1",25,15,1,10
28,"TF32","NFSOLO","PLCO","PLCO6","TF","MIMAR","MIMAR1",60,70,0,-10
28,"TF32","NFSOLO","PLCO","PLCO6","TF","MYMYO","MYMYO1",40,35,1,5
28,"TF32","NFSOLO","PLCO","PLCO6","TF","TRCUR","TRCUR1",60,60,0,0
28,"TF32","NFSOLO","PLCO","PLCO6","TF","XIELE","XIELE1",45,60,0,-15
29,"TF30","CTRL","CTRL","CTRL4","TF","CALEU","CALEU1",60,30,1,30
29,"TF30","CTRL","CTRL","CTRL4","TF","MECRU","MECRU1",40,40,0,0
29,"TF30","CTRL","CTRL","CTRL4","TF","MYMYO","MYMYO1",35,30,1,5
29,"TF30","CTRL","CTRL","CTRL4","TF","SCHEM","SCHEM1",35,30,1,5
29,"TF30","CTRL","CTRL","CTRL4","TF","TRCOL","TRCOL1",60,60,0,0
29,"TF30","CTRL","CTRL","CTRL4","TF","TRCUR","TRCUR1",60,50,1,10
29,"TF30","CTRL","CTRL","CTRL4","TF","UKCOL1","UKCOL1",60,20,1,40
30,"TF1","NFSOLO","MOMO","MOMO1","TF","MYGAI","MYGAI1",30,40,0,-10
30,"TF1","NFSOLO","MOMO","MOMO1","TF","MYMYO","MYMYO1",50,50,0,0
30,"TF1","NFSOLO","MOMO","MOMO1","TF","MYMYO","MYMYO2",35,35,0,0
30,"TF1","NFSOLO","MOMO","MOMO1","TF","THSCH","THSCH1",50,50,0,0
31,"TF2","MSFSOLO","THAR","THAR3","TF","AUINF","AUINF1",30,15,1,15
31,"TF2","MSFSOLO","THAR","THAR3","TF","HEGRI","HEGRI1",30,30,0,0
31,"TF2","MSFSOLO","THAR","THAR3","TF","SCHEM","SCHEM1",40,40,0,0
31,"TF2","MSFSOLO","THAR","THAR3","TF","SCHEM","SCHEM1",40,35,1,5
31,"TF2","MSFSOLO","THAR","THAR3","TF","XIGUT","XIGUT1",60,50,1,10
32,"TF3","MSF","MSF","MSF1","TF","HEGRI","HEGRI1",40,20,1,20
32,"TF3","MSF","MSF","MSF1","TF","MYGAI","MYGAI1",50,30,1,20
32,"TF3","MSF","MSF","MSF1","TF","THSCH","THSCH1",50,50,0,0
32,"TF3","MSF","MSF","MSF1","TF","TRCOL","TRCOL1",25,10,1,15
34,"TF12","NF","NF","NF2","TF","CECIN","CECIN1",30,45,0,-15
34,"TF12","NF","NF","NF2","TF","LAVER","LAVER1",5,5,0,0
34,"TF12","NF","NF","NF2","TF","LAVER","LAVER1",5,5,0,0
34,"TF12","NF","NF","NF2","TF","PAHYP","PAHYP1",45,20,1,25
34,"TF12","NF","NF","NF2","TF","TOASS","TOASS1",30,30,0,0
35,"TF9","MSF","MSF","MSF2","TF","CAAUR","CAAUR1",35,40,0,-5
35,"TF9","MSF","MSF","MSF2","TF","CEGRA","CEGRA1",20,20,0,0
35,"TF9","MSF","MSF","MSF2","TF","MYGAI","MYGAI1",30,30,0,0
35,"TF9","MSF","MSF","MSF2","TF","PAHYP","PAHYP1",50,55,0,-5
35,"TF9","MSF","MSF","MSF2","TF","PICHL","PICHL1",45,30,1,15
35,"TF9","MSF","MSF","MSF2","TF","TRVIR","TRVIR1",40,80,0,-40
36,"TF8","CTRL","CTRL","CTRL5","TF","HEGRI","HEGRI1",30,30,0,0
36,"TF8","CTRL","CTRL","CTRL5","TF","LAVER","LAVER1",50,50,0,0
36,"TF8","CTRL","CTRL","CTRL5","TF","MYGAI","MYGAI1",20,20,0,0
36,"TF8","CTRL","CTRL","CTRL5","TF","MYMYO","MYMYO1",40,45,0,-5
36,"TF8","CTRL","CTRL","CTRL5","TF","PAHYP","PAHYP1",50,20,1,30
36,"TF8","CTRL","CTRL","CTRL5","TF","PAHYP","PAHYP2",30,30,0,0
37,"TF11","CTRL","CTRL","CTRL2","TF","MIMAR","MIMAR1",40,50,0,-10
37,"TF11","CTRL","CTRL","CTRL2","TF","MYMYO","MYMYO1",50,65,0,-15
37,"TF11","CTRL","CTRL","CTRL2","TF","XIGUT","XIGUT1",45,40,1,5
37,"TF11","CTRL","CTRL","CTRL2","TF","XIGUT","XIGUT2",40,40,0,0
38,"TF30","NFSOLO","LECO","LECO3","TF","CAAUR","CAAUR1",30,50,0,-20
38,"TF30","NFSOLO","LECO","LECO3","TF","HEFLA","HEFLA1",50,20,1,30
39,"TF20","NF","NF","NF3","TF","RHSIM","RHSIM1",40,50,0,-10
40,"TF19","NF","NF","NF4","TF","ONSAL","ONSAL1",50,15,1,35
40,"TF19","NF","NF","NF4","TF","VILEU","VILEU1",35,35,0,0
41,"TF31","MSF","MSF","MSF3","TF","CECIN","CECIN1",40,40,0,0
41,"TF31","MSF","MSF","MSF3","TF","MYMYO","MYMYO1",30,40,0,-10
41,"TF31","MSF","MSF","MSF3","TF","SCHEM","SCHEM1",40,40,0,0
41,"TF31","MSF","MSF","MSF3","TF","TRVIR","TRVIR1",60,50,1,10
41,"TF31","MSF","MSF","MSF3","TF","TRVIR","TRVIR1",50,50,0,0
41,"TF31","MSF","MSF","MSF3","TF","UKCOL1","UKCOL1",10,20,0,-10
42,"TF21","MSFSOLO","TUOC","TUOC6","TF","ANSTR","ANSTR1",15,15,0,0
42,"TF21","MSFSOLO","TUOC","TUOC6","TF","HEGRI","HEGRI1",18,15,1,3
42,"TF21","MSFSOLO","TUOC","TUOC6","TF","MIGIL","MIGIL1",80,80,0,0
42,"TF21","MSFSOLO","TUOC","TUOC6","TF","MYSCL","MYSCL1",75,75,0,0
42,"TF21","MSFSOLO","TUOC","TUOC6","TF","ZIGRA","ZIGRA1",15,10,1,5
43,"TF32","CTRL","CTRL","CTRL3","TF","CECIN","CECIN1",40,40,0,0
43,"TF32","CTRL","CTRL","CTRL3","TF","CECIN","CECIN2",40,40,0,0
43,"TF32","CTRL","CTRL","CTRL3","TF","HEGRI","HEGRI1",50,30,1,20
43,"TF32","CTRL","CTRL","CTRL3","TF","PHHIS","PHHIS1",15,15,0,0
43,"TF32","CTRL","CTRL","CTRL3","TF","THSCH","THSCH1",40,40,0,0
43,"TF32","CTRL","CTRL","CTRL3","TF","THSCH","THSCH1",40,40,0,0
44,"TF27","CTRL","CTRL","CTRL1","TF","AUOCH","AUOCH1",40,45,0,-5
44,"TF27","CTRL","CTRL","CTRL1","TF","HEGRI","HEGRI1",25,30,0,-5
44,"TF27","CTRL","CTRL","CTRL1","TF","LAHYP","LAHYP1",75,75,0,0
44,"TF27","CTRL","CTRL","CTRL1","TF","MYMYO","MYMYO1",45,45,0,0
44,"TF27","CTRL","CTRL","CTRL1","TF","MYMYO","MYMYO2",45,45,0,0
44,"TF27","CTRL","CTRL","CTRL1","TF","UKCAN1","UKCAN1",30,30,0,0
45,"TF1","MSFSOLO","MYSC","MYSC6","TF","RHSIM","RHSIM1",50,50,0,0
46,"TF28","NFSOLO","HEGR","HEGR1","TF","CECIN","CECIN1",25,25,0,0
46,"TF28","NFSOLO","HEGR","HEGR1","TF","HYSUB","HYSUB1",20,20,0,0
46,"TF28","NFSOLO","HEGR","HEGR1","TF","MYMYO","MYMYO1",45,20,1,25
46,"TF28","NFSOLO","HEGR","HEGR1","TF","SPORN","SPORN1",50,50,0,0
47,"TF2","NFSOLO","LAHY","LAHY4","TF","CAAUR","CAAUR1",40,40,0,0
47,"TF2","NFSOLO","LAHY","LAHY4","TF","MYGAI","MYGAI1",30,30,0,0
47,"TF2","NFSOLO","LAHY","LAHY4","TF","MYMYO","MYMYO1",30,25,1,5
47,"TF2","NFSOLO","LAHY","LAHY4","TF","MYSCL","MYSCL1",30,40,0,-10
47,"TF2","NFSOLO","LAHY","LAHY4","TF","PICHL","PICHL1",15,15,0,0
47,"TF2","NFSOLO","LAHY","LAHY4","TF","UKCOL1","UKCOL1",20,20,0,0
48,"TF3","NF","NF","NF2","TF","CYROT","CYROT1",30,30,0,0
48,"TF3","NF","NF","NF2","TF","THSCH","THSCH1",40,40,0,0
49,"TF15","MSFSOLO","MYSC","MYSC4","TF","CECIN","CECIN1",30,30,0,0
49,"TF15","MSFSOLO","MYSC","MYSC4","TF","CECIN","CECIN2",30,30,0,0
49,"TF15","MSFSOLO","MYSC","MYSC4","TF","LAHYP","LAHYP1",75,85,0,-10
49,"TF15","MSFSOLO","MYSC","MYSC4","TF","PAHYP","PAHYP1",10,30,0,-20
49,"TF15","MSFSOLO","MYSC","MYSC4","TF","VILEU","VILEU1",45,45,0,0
51,"TF13","MSF","MSF","MSF4","TF","CAAUR","CAAUR1",60,50,1,10
51,"TF13","MSF","MSF","MSF4","TF","MYAXI","MYAXI1",60,10,1,50
51,"TF13","MSF","MSF","MSF4","TF","TRCUR","TRCUR1",50,50,0,0
52,"TF8","NF","NF","NF4","TF","CECIN","CECIN1",35,35,0,0
52,"TF8","NF","NF","NF4","TF","MYMYO","MYMYO1",30,30,0,0
52,"TF8","NF","NF","NF4","TF","XIGUT","XIGUT1",30,30,0,0
53,"TF12","NF","NF","NF1","TF","CAAUR","CAAUR1",65,65,0,0
53,"TF12","NF","NF","NF1","TF","PAHYP","PAHYP1",70,90,0,-20
53,"TF12","NF","NF","NF1","TF","PICHL","PICHL1",50,50,0,0
53,"TF12","NF","NF","NF1","TF","SCCAU","SCCAU1",40,30,1,10
54,"TF9","NFSOLO","MOMO","MOMO4","TF","HEGRI","HEGRI1",30,10,1,20
54,"TF9","NFSOLO","MOMO","MOMO4","TF","TRCOL","TRCOL1",60,60,0,0
54,"TF9","NFSOLO","MOMO","MOMO4","TF","TRVIR","TRVIR1",60,60,0,0
55,"TF29","MSF","MSF","MSF5","TF","HEGRI","HEGRI1",30,20,1,10
55,"TF29","MSF","MSF","MSF5","TF","HEGRI","HEGRI1",30,15,1,15
55,"TF29","MSF","MSF","MSF5","TF","THSCH","THSCH1",15,15,0,0
56,"TF11","NFSOLO","LECO","LECO8","TF","LECOR","LECOR1",2,10,0,-8
56,"TF11","NFSOLO","LECO","LECO8","TF","MOMOM","MOMOM1",60,60,0,0
56,"TF11","NFSOLO","LECO","LECO8","TF","MYLUT","MYLUT1",15,15,0,0
56,"TF11","NFSOLO","LECO","LECO8","TF","MYMYO","MYMYO1",30,15,1,15
56,"TF11","NFSOLO","LECO","LECO8","TF","MYMYO","MYMYO2",20,20,0,0
56,"TF11","NFSOLO","LECO","LECO8","TF","UKCOL1","UKCOL1",10,10,0,0
56,"TF11","NFSOLO","LECO","LECO8","TF","XIELE","XIELE1",65,40,1,25
57,"TF28","CTRL","CTRL","CTRL4","TF","HEGRI","HEGRI1",30,30,0,0
57,"TF28","CTRL","CTRL","CTRL4","TF","LAHYP","LAHYP1",35,35,0,0
57,"TF28","CTRL","CTRL","CTRL4","TF","MYMYO","MYMYO1",35,35,0,0
57,"TF28","CTRL","CTRL","CTRL4","TF","SCHEM","SCHEM1",35,35,0,0
58,"TF27","MSFSOLO","TUOC","TUOC4","TF","AUOCH","AUOCH1",30,30,0,0
58,"TF27","MSFSOLO","TUOC","TUOC4","TF","HEGRI","HEGRI1",20,20,0,0
58,"TF27","MSFSOLO","TUOC","TUOC4","TF","UK3","UK3",40,40,0,0
59,"TF4","MSF","MSF","MSF2","TF","CECIN","CECIN1",15,15,0,0
59,"TF4","MSF","MSF","MSF2","TF","CECIN","CECIN2",40,20,1,20
59,"TF4","MSF","MSF","MSF2","TF","LECOR","LECOR1",10,15,0,-5
59,"TF4","MSF","MSF","MSF2","TF","LECOR","LECOR1",10,20,0,-10
59,"TF4","MSF","MSF","MSF2","TF","LECOR","LECOR1",10,15,0,-5
59,"TF4","MSF","MSF","MSF2","TF","LECOR","LECOR1",10,20,0,-10
59,"TF4","MSF","MSF","MSF2","TF","MYMYO","MYMYO1",45,40,1,5
59,"TF4","MSF","MSF","MSF2","TF","TRCOL","TRCOL1",75,30,1,45
60,"TF3","MSFSOLO","THAR","THAR2","TF","HEGRI","HEGRI1",10,10,0,0
60,"TF3","MSFSOLO","THAR","THAR2","TF","MYMYO","MYMYO2",40,40,0,0
60,"TF3","MSFSOLO","THAR","THAR2","TF","RHSIM","RHSIM1",60,60,0,0
61,"TF21","NFSOLO","HEGR","HEGR6","TF","CAAUR","CAAUR1",35,35,0,0
61,"TF21","NFSOLO","HEGR","HEGR6","TF","LAVER","LAVER1",15,15,0,0
61,"TF21","NFSOLO","HEGR","HEGR6","TF","MYGAI","MYGAI1",20,20,0,0
61,"TF21","NFSOLO","HEGR","HEGR6","TF","MYSCL","MYSCL1",35,25,1,10
61,"TF21","NFSOLO","HEGR","HEGR6","TF","TRMEL","TRMEL1",20,40,0,-20
61,"TF21","NFSOLO","HEGR","HEGR6","TF","TRMEL","TRMEL2",35,35,0,0
62,"TF1","NF","NF","NF5","TF","CYLIN","CYLIN1",50,65,0,-15
62,"TF1","NF","NF","NF5","TF","MONIG","MONIG1",65,65,0,0
62,"TF1","NF","NF","NF5","TF","MYGAI","MYGAI1",30,50,0,-20
63,"TF20","NFSOLO","PLCO","PLCO1","TF","HEGRI","HEGRI1",25,30,0,-5
63,"TF20","NFSOLO","PLCO","PLCO1","TF","TRMEL","TRMEL1",35,40,0,-5
64,"TF2","CTRL","CTRL","CTRL3","TF","HEGRI","HEGRI1",20,20,0,0
64,"TF2","CTRL","CTRL","CTRL3","TF","MYGAI","MYGAI1",60,60,0,0
64,"TF2","CTRL","CTRL","CTRL3","TF","PHPAV","PHPAV1",60,60,0,0
64,"TF2","CTRL","CTRL","CTRL3","TF","RHSIM","RHSIM1",50,50,0,0
64,"TF2","CTRL","CTRL","CTRL3","TF","SIGRI","SIGRI1",20,20,0,0
64,"TF2","CTRL","CTRL","CTRL3","TF","TRCOL","TRCOL1",65,65,0,0
64,"TF2","CTRL","CTRL","CTRL3","TF","XIGUT","XIGUT1",70,30,1,40
65,"TF19","MSF","MSF","MSF1","TF","FOANA","FOANA1",40,40,0,0
65,"TF19","MSF","MSF","MSF1","TF","MYMYO","MYMYO1",40,30,1,10
65,"TF19","MSF","MSF","MSF1","TF","SCHEM","SCHEM1",30,30,0,0
65,"TF19","MSF","MSF","MSF1","TF","TYSTO","TYSTO1",30,30,0,0
66,"TF8","MSF","MSF","MSF3","TF","CARUB","CARUB1",35,35,0,0
66,"TF8","MSF","MSF","MSF3","TF","CECIN","CECIN1",25,30,0,-5
66,"TF8","MSF","MSF","MSF3","TF","RARUF","RARUF1",20,20,0,0
66,"TF8","MSF","MSF","MSF3","TF","SCHEM","SCHEM1",45,45,0,0
66,"TF8","MSF","MSF","MSF3","TF","XIGUT","XIGUT1",15,15,0,0
67,"TF31","NF","NF","NF2","TF","ATSPA","ATSPA1",45,45,0,0
67,"TF31","NF","NF","NF2","TF","CECIN","CECIN1",30,30,0,0
67,"TF31","NF","NF","NF2","TF","MYMYO","MYMYO1",40,40,0,0
67,"TF31","NF","NF","NF2","TF","XIGUT","XIGUT1",25,25,0,0
69,"TF30","MSF","MSF","MSF4","TF","AKGOE","AKGOE1",15,15,0,0
69,"TF30","MSF","MSF","MSF4","TF","AKGOE","AKGOE2",35,35,0,0
69,"TF30","MSF","MSF","MSF4","TF","CAAUR","CAAUR1",35,50,0,-15
69,"TF30","MSF","MSF","MSF4","TF","XIGUT","XIGUT1",40,30,1,10
70,"TF9","NF","NF","NF3","TF","CYLIN","CYLIN1",20,40,0,-20
70,"TF9","NF","NF","NF3","TF","CYLIN","CYLIN2",45,45,0,0
70,"TF9","NF","NF","NF3","TF","HAFOR","HAFOR1",30,30,0,0
70,"TF9","NF","NF","NF3","TF","TRCOL","TRCOL1",20,20,0,0
70,"TF9","NF","NF","NF3","TF","UKCOL1","UKCOL1",10,10,0,0
71,"TF4","CTRL","CTRL","CTRL5","TF","CECIN","CECIN1",20,10,1,10
71,"TF4","CTRL","CTRL","CTRL5","TF","LAVER","LAVER1",50,50,0,0
71,"TF4","CTRL","CTRL","CTRL5","TF","LECOR","LECOR1",25,20,1,5
71,"TF4","CTRL","CTRL","CTRL5","TF","PAHYP","PAHYP1",50,50,0,0
71,"TF4","CTRL","CTRL","CTRL5","TF","SAMAX","SAMAX1",20,20,0,0
71,"TF4","CTRL","CTRL","CTRL5","TF","XIGUT","XIGUT1",30,20,1,10
72,"TF29","CTRL","CTRL","CTRL1","TF","MYMYO","MYMYO1",35,35,0,0
72,"TF29","CTRL","CTRL","CTRL1","TF","THSCH","THSCH1",30,30,0,0
72,"TF29","CTRL","CTRL","CTRL1","TF","TRCOL","TRCOL1",40,40,0,0
72,"TF29","CTRL","CTRL","CTRL1","TF","TYSTO","TYSTO1",35,35,0,0
73,"TF12","NFSOLO","LAHY","LAHY3","TF","HEGRI","HEGRI1",20,20,0,0
73,"TF12","NFSOLO","LAHY","LAHY3","TF","PHPAV","PHPAV1",70,70,0,0
73,"TF12","NFSOLO","LAHY","LAHY3","TF","SCHEM","SCHEM1",40,40,0,0
74,"TF21","CTRL","CTRL","CTRL5","TF","CAAUR","CAAUR1",35,40,0,-5
74,"TF21","CTRL","CTRL","CTRL5","TF","CAAUR","CAAUR1",35,30,1,5
74,"TF21","CTRL","CTRL","CTRL5","TF","HARUB","HARUB1",60,60,0,0
74,"TF21","CTRL","CTRL","CTRL5","TF","MYMYO","MYMYO1",30,30,0,0
74,"TF21","CTRL","CTRL","CTRL5","TF","MYSCL","MYSCL1",35,35,0,0
74,"TF21","CTRL","CTRL","CTRL5","TF","PAHYP","PAHYP1",30,35,0,-5
74,"TF21","CTRL","CTRL","CTRL5","TF","TRCUR","TRCUR1",40,40,0,0
74,"TF21","CTRL","CTRL","CTRL5","TF","VILEU","VILEU1",30,30,0,0
75,"TF13","MSFSOLO","THAR","THAR1","TF","CECIN","CECIN1",35,35,0,0
75,"TF13","MSFSOLO","THAR","THAR1","TF","RARUF","RARUF1",45,45,0,0
75,"TF13","MSFSOLO","THAR","THAR1","TF","TRRAM","TRRAM2",40,15,1,25
75,"TF13","MSFSOLO","THAR","THAR1","TF","XIGUT","XIGUT1",20,20,0,0
76,"TF20","MSF","MSF","MSF5","TF","MYMYO","MYMYO1",25,25,0,0
76,"TF20","MSF","MSF","MSF5","TF","PAHYP","PAHYP1",30,30,0,0
76,"TF20","MSF","MSF","MSF5","TF","UK1","UK1",35,20,1,15
77,"TF14","NF","NF","NF4","TF","AUINF","AUINF1",5,5,0,0
77,"TF14","NF","NF","NF4","TF","AUINF","AUINF2",20,45,0,-25
77,"TF14","NF","NF","NF4","TF","ELPLA","ELPLA1",50,40,1,10
77,"TF14","NF","NF","NF4","TF","LITHO","LITHO1",60,60,0,0
77,"TF14","NF","NF","NF4","TF","RARUF","RARUF1",60,20,1,40
77,"TF14","NF","NF","NF4","TF","XIGUT","XIGUT1",60,60,0,0
78,"TF15","NFSOLO","PLCO","PLCO4","TF","CECIN","CECIN1",15,15,0,0
78,"TF15","NFSOLO","PLCO","PLCO4","TF","CECIN","CECIN2",15,15,0,0
78,"TF15","NFSOLO","PLCO","PLCO4","TF","LAHYP","LAHYP1",50,60,0,-10
78,"TF15","NFSOLO","PLCO","PLCO4","TF","LITHO","LITHO1",50,50,0,0
78,"TF15","NFSOLO","PLCO","PLCO4","TF","PAHYP","PAHYP1",30,30,0,0
78,"TF15","NFSOLO","PLCO","PLCO4","TF","VILEU","VILEU1",70,65,1,5
78,"TF15","NFSOLO","PLCO","PLCO4","TF","XIGUT","XIGUT1",45,45,0,0
78,"TF15","NFSOLO","PLCO","PLCO4","TF","ZIGRA","ZIGRA1",40,40,0,0
79,"TF30","NF","NF","NF3","TF","CECIN","CECIN1",20,15,1,5
79,"TF30","NF","NF","NF3","TF","HEIOH","HEIOH1",5,5,0,0
79,"TF30","NF","NF","NF3","TF","UK2","UK2",5,5,0,0
79,"TF30","NF","NF","NF3","TF","UK3","UK3",5,10,0,-5
80,"TF28","MSFSOLO","MYLO","MYLO3","TF","CAAUR","CAAUR1",20,20,0,0
80,"TF28","MSFSOLO","MYLO","MYLO3","TF","CECIN","CECIN1",30,30,0,0
80,"TF28","MSFSOLO","MYLO","MYLO3","TF","HEGRI","HEGRI1",25,25,0,0
80,"TF28","MSFSOLO","MYLO","MYLO3","TF","LAHYP","LAHYP1",30,30,0,0
80,"TF28","MSFSOLO","MYLO","MYLO3","TF","MYMYO","MYMYO1",35,25,1,10
80,"TF28","MSFSOLO","MYLO","MYLO3","TF","PAHYP","PAHYP1",25,25,0,0
81,"TF32","MSFSOLO","HARU","HARU3","TF","CAAUR","CAAUR1",45,60,0,-15
81,"TF32","MSFSOLO","HARU","HARU3","TF","CECIN","CECIN1",30,10,1,20
81,"TF32","MSFSOLO","HARU","HARU3","TF","MYSCL","MYSCL1",40,40,0,0
81,"TF32","MSFSOLO","HARU","HARU3","TF","PAHYP","PAHYP1",40,45,0,-5
82,"TF27","MSF","MSF","MSF3","TF","MIRUF","MIRUF1",30,40,0,-10
82,"TF27","MSF","MSF","MSF3","TF","PAHYP","PAHYP1",40,40,0,0
82,"TF27","MSF","MSF","MSF3","TF","RHSIM","RHSIM1",40,40,0,0
83,"TF14","NFSOLO","MOMO","MOMO2","TF","ELPLA","ELPLA1",40,40,0,0
83,"TF14","NFSOLO","MOMO","MOMO2","TF","LECOR","LECOR1",25,25,0,0
83,"TF14","NFSOLO","MOMO","MOMO2","TF","MYMYO","MYMYO1",45,45,0,0
83,"TF14","NFSOLO","MOMO","MOMO2","TF","TRCOL","TRCOL1",40,50,0,-10
84,"TF15","NF","NF","NF5","TF","CECIN","CECIN1",15,15,0,0
84,"TF15","NF","NF","NF5","TF","CECIN","CECIN2",30,20,1,10
85,"TF29","NFSOLO","LAHY","LAHY2","TF","AKGOE","AKGOE1",35,45,0,-10
85,"TF29","NFSOLO","LAHY","LAHY2","TF","CECIN","CECIN1",35,35,0,0
85,"TF29","NFSOLO","LAHY","LAHY2","TF","THSCH","THSCH1",40,40,0,0
86,"TF19","CTRL","CTRL","CTRL1","TF","MONIG","MONIG1",75,75,0,0
87,"TF20","CTRL","CTRL","CTRL4","TF","AUOCH","AUOCH1",45,40,1,5
87,"TF20","CTRL","CTRL","CTRL4","TF","MECRU","MECRU1",40,40,0,0
87,"TF20","CTRL","CTRL","CTRL4","TF","TOPOL","TOPOL1",50,50,0,0
88,"TF31","NFSOLO","HEGR","HEGR7","TF","RUMAG","RUMAG1",35,35,0,0
89,"TF11","MSF","MSF","MSF4","TF","GLSPI","GLSPI1",20,15,1,5
89,"TF11","MSF","MSF","MSF4","TF","LECOR","LECOR1",20,20,0,0
89,"TF11","MSF","MSF","MSF4","TF","MOMOM","MOMOM1",20,20,0,0
89,"TF11","MSF","MSF","MSF4","TF","THSCH","THSCH1",15,10,1,5
90,"TF2","MSFSOLO","HARU","HARU7","TF","CYLIN","CYLIN1",30,20,1,10
90,"TF2","MSFSOLO","HARU","HARU7","TF","DELON","DELON1",50,50,0,0
90,"TF2","MSFSOLO","HARU","HARU7","TF","LAVER","LAVER1",15,30,0,-15
90,"TF2","MSFSOLO","HARU","HARU7","TF","PAHYP","PAHYP1",20,15,1,5
90,"TF2","MSFSOLO","HARU","HARU7","TF","PICHL","PICHL1",30,20,1,10
90,"TF2","MSFSOLO","HARU","HARU7","TF","SCCAU","SCCAU1",20,20,0,0
90,"TF2","MSFSOLO","HARU","HARU7","TF","TRCOL","TRCOL1",20,15,1,5
90,"TF2","MSFSOLO","HARU","HARU7","TF","TRRAM","TRRAM1",30,40,0,-10
90,"TF2","MSFSOLO","HARU","HARU7","TF","UKCAN1","UKCAN1",20,15,1,5
91,"TF8","NFSOLO","LECO","LECO1","TF","CECIN","CECIN1",30,30,0,0
91,"TF8","NFSOLO","LECO","LECO1","TF","CYLIN","CYLIN1",25,35,0,-10
91,"TF8","NFSOLO","LECO","LECO1","TF","ELPLA","ELPLA1",50,50,0,0
91,"TF8","NFSOLO","LECO","LECO1","TF","LECOR","LECOR1",20,30,0,-10
91,"TF8","NFSOLO","LECO","LECO1","TF","TRRAM","TRRAM1",65,55,1,10
91,"TF8","NFSOLO","LECO","LECO1","TF","UK2","UK2",25,20,1,5
91,"TF8","NFSOLO","LECO","LECO1","TF","ZIGRA","ZIGRA1",45,15,1,30
92,"TF3","CTRL","CTRL","CTRL3","TF","FOANA","FOANA1",35,35,0,0
92,"TF3","CTRL","CTRL","CTRL3","TF","MYMYO","MYMYO1",32,25,1,7
92,"TF3","CTRL","CTRL","CTRL3","TF","MYMYO","MYMYO1",32,32,0,0
92,"TF3","CTRL","CTRL","CTRL3","TF","PAHYP","PAHYP1",25,25,0,0
92,"TF3","CTRL","CTRL","CTRL3","TF","XIGUT","XIGUT1",30,30,0,0
93,"TF9","MSFSOLO","HARU","HARU4","TF","CAAUR","CAAUR1",30,60,0,-30
93,"TF9","MSFSOLO","HARU","HARU4","TF","CYLIN","CYLIN1",35,30,1,5
93,"TF9","MSFSOLO","HARU","HARU4","TF","ELPLA","ELPLA1",40,30,1,10
93,"TF9","MSFSOLO","HARU","HARU4","TF","LAVER","LAVER1",45,45,0,0
93,"TF9","MSFSOLO","HARU","HARU4","TF","PAHYP","PAHYP1",45,45,0,0
93,"TF9","MSFSOLO","HARU","HARU4","TF","UKCAN1","UKCAN1",45,45,0,0
93,"TF9","MSFSOLO","HARU","HARU4","TF","XIGUT","XIGUT1",20,20,0,0
94,"TF1","CTRL","CTRL","CTRL2","TF","HEGRI","HEGRI1",25,25,0,0
94,"TF1","CTRL","CTRL","CTRL2","TF","LAHYP","LAHYP1",35,35,0,0
94,"TF1","CTRL","CTRL","CTRL2","TF","LAHYP","LAHYP2",30,30,0,0
95,"TF12","MSF","MSF","MSF1","TF","CYLIN","CYLIN1",10,25,0,-15
95,"TF12","MSF","MSF","MSF1","TF","PAHYP","PAHYP1",10,10,0,0
95,"TF12","MSF","MSF","MSF1","TF","PICHL","PICHL1",10,10,0,0
95,"TF12","MSF","MSF","MSF1","TF","XIGUT","XIGUT1",25,35,0,-10
96,"TF13","NF","NF","NF1","TF","XIGUT","XIGUT1",65,65,0,0
97,"TF32","MSF","MSF","MSF2","TF","HEGRI","HEGRI1",30,25,1,5
97,"TF32","MSF","MSF","MSF2","TF","MYSCL","MYSCL1",30,30,0,0
97,"TF32","MSF","MSF","MSF2","TF","THSCH","THSCH1",35,35,0,0
98,"TF18","NFSOLO","HEGR","HEGR5","TF","CAAUR","CAAUR1",50,50,0,0
98,"TF18","NFSOLO","HEGR","HEGR5","TF","LAHYP","LAHYP1",30,30,0,0
98,"TF18","NFSOLO","HEGR","HEGR5","TF","MOMOM","MOMOM1",50,50,0,0
98,"TF18","NFSOLO","HEGR","HEGR5","TF","MYCAM","MYCAM1",15,40,0,-25
98,"TF18","NFSOLO","HEGR","HEGR5","TF","RHSIM","RHSIM1",60,50,1,10
98,"TF18","NFSOLO","HEGR","HEGR5","TF","TRCOL","TRCOL1",60,60,0,0
98,"TF18","NFSOLO","HEGR","HEGR5","TF","UK1","UK1",20,20,0,0
98,"TF18","NFSOLO","HEGR","HEGR5","TF","VILEU","VILEU1",70,60,1,10
98,"TF18","NFSOLO","HEGR","HEGR5","TF","XIGUT","XIGUT1",60,40,1,20
99,"TF19","MSFSOLO","TUOC","TUOC2","TF","MIMAR","MIMAR1",50,20,1,30
99,"TF19","MSFSOLO","TUOC","TUOC2","TF","MYMYO","MYMYO1",40,40,0,0
99,"TF19","MSFSOLO","TUOC","TUOC2","TF","PYSTE","PYSTE1",60,65,0,-5
99,"TF19","MSFSOLO","TUOC","TUOC2","TF","RHSIM","RHSIM1",15,15,0,0
100,"TF7","NFSOLO","PLCO","PLCO2","TF","ANSTR","ANSTR1",25,20,1,5
100,"TF7","NFSOLO","PLCO","PLCO2","TF","CECIN","CECIN1",35,25,1,10
100,"TF7","NFSOLO","PLCO","PLCO2","TF","MYGAI","MYGAI1",30,30,0,0
100,"TF7","NFSOLO","PLCO","PLCO2","TF","RHSIM","RHSIM1",30,40,0,-10
100,"TF7","NFSOLO","PLCO","PLCO2","TF","SCHEM","SCHEM1",35,35,0,0
100,"TF7","NFSOLO","PLCO","PLCO2","TF","XIGUT","XIGUT1",40,40,0,0
101,"TF37","MSFSOLO","MYLO","MYLO5","TF","CAAUR","CAAUR1",40,30,1,10
101,"TF37","MSFSOLO","MYLO","MYLO5","TF","HEGRI","HEGRI1",15,10,1,5
101,"TF37","MSFSOLO","MYLO","MYLO5","TF","LAVER","LAVER1",60,60,0,0
101,"TF37","MSFSOLO","MYLO","MYLO5","TF","MOMOR","MOMOR1",6,6,0,0
101,"TF37","MSFSOLO","MYLO","MYLO5","TF","MOMOR","MOMOR2",6,6,0,0
101,"TF37","MSFSOLO","MYLO","MYLO5","TF","MYMYO","MYMYO1",30,20,1,10
101,"TF37","MSFSOLO","MYLO","MYLO5","TF","MYMYO","MYMYO1",10,20,0,-10
102,"TF4","MSFSOLO","MYSC","MYSC1","TF","CECIN","CECIN1",30,25,1,5
102,"TF4","MSFSOLO","MYSC","MYSC1","TF","LECOR","LECOR1",30,30,0,0
102,"TF4","MSFSOLO","MYSC","MYSC1","TF","MYSCL","MYSCL1",35,35,0,0
103,"TF16","NFSOLO","LECO","LECO7","TF","ELPLA","ELPLA1",35,35,0,0
103,"TF16","NFSOLO","LECO","LECO7","TF","LECOR","LECOR1",10,10,0,0
103,"TF16","NFSOLO","LECO","LECO7","TF","PICHL","PICHL1",40,40,0,0
103,"TF16","NFSOLO","LECO","LECO7","TF","TRVIR","TRVIR1",80,80,0,0
103,"TF16","NFSOLO","LECO","LECO7","TF","TYELA","TYELA1",20,30,0,-10
103,"TF16","NFSOLO","LECO","LECO7","TF","XIGUT","XIGUT2",20,35,0,-15
104,"TF22","NFSOLO","HEGR","HEGR2","TF","GLSPI","GLSPI1",15,15,0,0
104,"TF22","NFSOLO","HEGR","HEGR2","TF","MOMOR","MOMOR1",15,10,1,5
104,"TF22","NFSOLO","HEGR","HEGR2","TF","MOMOR","MOMOR2",15,10,1,5
104,"TF22","NFSOLO","HEGR","HEGR2","TF","MYGAI","MYGAI1",25,20,1,5
104,"TF22","NFSOLO","HEGR","HEGR2","TF","MYMYO","MYMYO1",60,70,0,-10
104,"TF22","NFSOLO","HEGR","HEGR2","TF","XIGUT","XIGUT1",10,10,0,0
105,"TF40","MSFSOLO","HARU","HARU6","TF","HEGRI","HEGRI1",25,20,1,5
105,"TF40","MSFSOLO","HARU","HARU6","TF","RARUF","RARUF1",50,50,0,0
105,"TF40","MSFSOLO","HARU","HARU6","TF","SCHEM","SCHEM1",30,30,0,0
106,"TF39","NFSOLO","PLCO","PLCO8","TF","DELON","DELON1",55,40,1,15
106,"TF39","NFSOLO","PLCO","PLCO8","TF","MYGAI","MYGAI1",50,35,1,15
106,"TF39","NFSOLO","PLCO","PLCO8","TF","MYMEN","MYMEN1",45,45,0,0
106,"TF39","NFSOLO","PLCO","PLCO8","TF","THSCH","THSCH1",40,40,0,0
107,"TF25","MSFSOLO","TUOC","TUOC8","TF","ELPLA","ELPLA1",30,30,0,0
107,"TF25","MSFSOLO","TUOC","TUOC8","TF","HEGRI","HEGRI1",10,10,0,0
107,"TF25","MSFSOLO","TUOC","TUOC8","TF","LECOR","LECOR1",10,45,0,-35
107,"TF25","MSFSOLO","TUOC","TUOC8","TF","MYMYO","MYMYO1",20,15,1,5
108,"TF6","NFSOLO","LECO","LECO5","TF","CAAUR","CAAUR1",20,50,0,-30
108,"TF6","NFSOLO","LECO","LECO5","TF","CYVIO","CYVIO1",30,30,0,0
108,"TF6","NFSOLO","LECO","LECO5","TF","LAHYP","LAHYP1",35,45,0,-10
109,"TF23","MSFSOLO","THAR","THAR8","TF","CAAUR","CAAUR1",45,45,0,0
109,"TF23","MSFSOLO","THAR","THAR8","TF","HARUB","HARUB1",10,10,0,0
109,"TF23","MSFSOLO","THAR","THAR8","TF","TRCOL","TRCOL1",45,45,0,0
109,"TF23","MSFSOLO","THAR","THAR8","TF","TRCOL","TRCOL2",20,10,1,10
109,"TF23","MSFSOLO","THAR","THAR8","TF","UK1","UK1",15,10,1,5
110,"TF24","NFSOLO","PLCO","PLCO7","TF","CAAUR","CAAUR1",45,55,0,-10
110,"TF24","NFSOLO","PLCO","PLCO7","TF","COTOR","COTOR1",20,15,1,5
110,"TF24","NFSOLO","PLCO","PLCO7","TF","CYLIN","CYLIN1",30,30,0,0
110,"TF24","NFSOLO","PLCO","PLCO7","TF","DELON","DELON1",15,20,0,-5
110,"TF24","NFSOLO","PLCO","PLCO7","TF","LAVER","LAVER1",20,20,0,0
110,"TF24","NFSOLO","PLCO","PLCO7","TF","MYBRA","MYBRA1",20,20,0,0
110,"TF24","NFSOLO","PLCO","PLCO7","TF","MYSCL","MYSCL1",40,20,1,20
110,"TF24","NFSOLO","PLCO","PLCO7","TF","ONSAL","ONSAL1",35,15,1,20
110,"TF24","NFSOLO","PLCO","PLCO7","TF","PAHYP","PAHYP1",30,30,0,0
110,"TF24","NFSOLO","PLCO","PLCO7","TF","TRCOL","TRCOL1",15,40,0,-25
110,"TF24","NFSOLO","PLCO","PLCO7","TF","UKCAN1","UKCAN1",20,20,0,0
110,"TF24","NFSOLO","PLCO","PLCO7","TF","ZIGRA","ZIGRA1",35,20,1,15
111,"TF10","MSFSOLO","MYSC","MYSC3","TF","CEGRA","CEGRA1",30,30,0,0
111,"TF10","MSFSOLO","MYSC","MYSC3","TF","FOANA","FOANA1",35,35,0,0
111,"TF10","MSFSOLO","MYSC","MYSC3","TF","HEGRI","HEGRI1",25,20,1,5
111,"TF10","MSFSOLO","MYSC","MYSC3","TF","XIGUT","XIGUT1",30,35,0,-5
112,"TF26","NFSOLO","LAHY","LAHY5","TF","HEGRI","HEGRI1",10,10,0,0
112,"TF26","NFSOLO","LAHY","LAHY5","TF","TEERY","TEERY1",15,45,0,-30
112,"TF26","NFSOLO","LAHY","LAHY5","TF","UK1","UK1",10,20,0,-10
112,"TF26","NFSOLO","LAHY","LAHY5","TF","ZIGRA","ZIGRA1",20,15,1,5
113,"TF36","NFSOLO","MOMO","MOMO6","TF","ANSTR","ANSTR1",25,25,0,0
113,"TF36","NFSOLO","MOMO","MOMO6","TF","HAFOR","HAFOR1",25,30,0,-5
113,"TF36","NFSOLO","MOMO","MOMO6","TF","SCHEM","SCHEM1",30,30,0,0
114,"TF34","NFSOLO","LAHY","LAHY1","TF","CAAUR","CAAUR1",25,25,0,0
114,"TF34","NFSOLO","LAHY","LAHY1","TF","DELON","DELON1",30,30,0,0
114,"TF34","NFSOLO","LAHY","LAHY1","TF","PAHYP","PAHYP1",25,25,0,0
114,"TF34","NFSOLO","LAHY","LAHY1","TF","PICHL","PICHL1",50,30,1,20
114,"TF34","NFSOLO","LAHY","LAHY1","TF","PYSTE","PYSTE1",30,30,0,0
114,"TF34","NFSOLO","LAHY","LAHY1","TF","RHSIM","RHSIM1",35,35,0,0
114,"TF34","NFSOLO","LAHY","LAHY1","TF","TRMEL","TRMEL1",35,35,0,0
115,"TF37","NFSOLO","LECO","LECO4","TF","CAAUR","CAAUR1",40,45,0,-5
115,"TF37","NFSOLO","LECO","LECO4","TF","CECIN","CECIN1",20,20,0,0
115,"TF37","NFSOLO","LECO","LECO4","TF","DELON","DELON1",40,40,0,0
115,"TF37","NFSOLO","LECO","LECO4","TF","GLHAR","GLHAR1",40,40,0,0
116,"TF34","MSFSOLO","TUOC","TUOC5","TF","TRCUR","TRCUR1",40,40,0,0
116,"TF34","MSFSOLO","TUOC","TUOC5","TF","XIELE","XIELE1",10,10,0,0
117,"TF38","MSFSOLO","MYSC","MYSC2","TF","ONSAL","ONSAL1",5,5,0,0
117,"TF38","MSFSOLO","MYSC","MYSC2","TF","ONSAL","ONSAL2",5,5,0,0
117,"TF38","MSFSOLO","MYSC","MYSC2","TF","TEERY","TEERY1",5,10,0,-5
118,"TF21","MSF","MSF","MSF5","TF","CAAUR","CAAUR1",35,35,0,0
118,"TF21","MSF","MSF","MSF5","TF","MYSCL","MYSCL1",20,20,0,0
118,"TF21","MSF","MSF","MSF5","TF","XIGUT","XIGUT1",30,35,0,-5
119,"TF17","NFSOLO","LECO","LECO6","TF","CECIN","CECIN1",30,35,0,-5
119,"TF17","NFSOLO","LECO","LECO6","TF","ELPLA","ELPLA1",45,45,0,0
119,"TF17","NFSOLO","LECO","LECO6","TF","MIMAR","MIMAR1",20,40,0,-20
119,"TF17","NFSOLO","LECO","LECO6","TF","MYMYO","MYMYO1",30,40,0,-10
119,"TF17","NFSOLO","LECO","LECO6","TF","MYSCL","MYSCL1",30,30,0,0
119,"TF17","NFSOLO","LECO","LECO6","TF","PAHYP","PAHYP1",20,30,0,-10
119,"TF17","NFSOLO","LECO","LECO6","TF","RHSIM","RHSIM1",50,50,0,0
120,"TF16","MSFSOLO","MYLO","MYLO6","TF","DERUF","DERUF1",30,45,0,-15
120,"TF16","MSFSOLO","MYLO","MYLO6","TF","LECOR","LECOR1",2,2,0,0
121,"TF33","NFSOLO","MOMO","MOMO7","TF","CAAUR","CAAUR1",45,45,0,0
121,"TF33","NFSOLO","MOMO","MOMO7","TF","CEGRA","CEGRA1",50,50,0,0
121,"TF33","NFSOLO","MOMO","MOMO7","TF","LITHO","LITHO1",40,40,0,0
121,"TF33","NFSOLO","MOMO","MOMO7","TF","RHSIM","RHSIM1",30,30,0,0
121,"TF33","NFSOLO","MOMO","MOMO7","TF","TRRAM","TRRAM1",75,50,1,25
121,"TF33","NFSOLO","MOMO","MOMO7","TF","UKCAN1","UKCAN1",20,20,0,0
122,"TF25","NFSOLO","LAHY","LAHY6","TF","HEGRI","HEGRI1",25,30,0,-5
122,"TF25","NFSOLO","LAHY","LAHY6","TF","LECOR","LECOR1",35,35,0,0
123,"TF34","MSFSOLO","HARU","HARU1","TF","DELON","DELON1",35,20,1,15
123,"TF34","MSFSOLO","HARU","HARU1","TF","MYMYO","MYMYO1",30,20,1,10
123,"TF34","MSFSOLO","HARU","HARU1","TF","RHSIM","RHSIM1",30,40,0,-10
123,"TF34","MSFSOLO","HARU","HARU1","TF","TRRAM","TRRAM1",60,30,1,30
123,"TF34","MSFSOLO","HARU","HARU1","TF","TRRAM","TRRAM1",60,50,1,10
123,"TF34","MSFSOLO","HARU","HARU1","TF","UK3","UK3",25,20,1,5
124,"TF24","MSFSOLO","MYLO","MYLO8","TF","MYMYO","MYMYO1",20,30,0,-10
124,"TF24","MSFSOLO","MYLO","MYLO8","TF","MYSCL","MYSCL1",30,30,0,0
125,"TF23","NFSOLO","PLCO","PLCO3","TF","CAAUR","CAAUR1",40,40,0,0
125,"TF23","NFSOLO","PLCO","PLCO3","TF","CECIN","CECIN1",35,35,0,0
125,"TF23","NFSOLO","PLCO","PLCO3","TF","MYMYO","MYMYO1",45,25,1,20
125,"TF23","NFSOLO","PLCO","PLCO3","TF","MYMYO","MYMYO2",35,30,1,5
126,"TF35","NFSOLO","HEGR","HEGR3","TF","MECRU","MECRU1",50,45,1,5
126,"TF35","NFSOLO","HEGR","HEGR3","TF","MYGAI","MYGAI1",60,65,0,-5
126,"TF35","NFSOLO","HEGR","HEGR3","TF","TRRAM","TRRAM1",60,65,0,-5
126,"TF35","NFSOLO","HEGR","HEGR3","TF","VILEU","VILEU1",75,75,0,0
127,"TF22","MSFSOLO","MYSC","MYSC7","TF","CAAUR","CAAUR1",40,40,0,0
127,"TF22","MSFSOLO","MYSC","MYSC7","TF","TRCUR","TRCUR1",40,40,0,0
128,"TF26","MSFSOLO","THAR","THAR5","TF","CAAUR","CAAUR1",30,30,0,0
128,"TF26","MSFSOLO","THAR","THAR5","TF","MYGAI","MYGAI1",20,20,0,0
128,"TF26","MSFSOLO","THAR","THAR5","TF","MYSCL","MYSCL1",25,25,0,0
129,"TF38","NFSOLO","LAHY","LAHY8","TF","CECIN","CECIN1",10,10,0,0
129,"TF38","NFSOLO","LAHY","LAHY8","TF","CECIN","CECIN2",10,15,0,-5
129,"TF38","NFSOLO","LAHY","LAHY8","TF","PHGEN","PHGEN1",40,50,0,-10
129,"TF38","NFSOLO","LAHY","LAHY8","TF","TEERY","TEERY1",10,10,0,0
129,"TF38","NFSOLO","LAHY","LAHY8","TF","TRCOL","TRCOL1",25,50,0,-25
129,"TF38","NFSOLO","LAHY","LAHY8","TF","UK1","UK1",5,10,0,-5
130,"TF17","MSFSOLO","THAR","THAR4","TF","CAAUR","CAAUR1",60,60,0,0
130,"TF17","MSFSOLO","THAR","THAR4","TF","CECIN","CECIN1",30,25,1,5
130,"TF17","MSFSOLO","THAR","THAR4","TF","CESER","CESER1",45,35,1,10
130,"TF17","MSFSOLO","THAR","THAR4","TF","PAHYP","PAHYP1",60,60,0,0
130,"TF17","MSFSOLO","THAR","THAR4","TF","TOASS","TOASS1",20,30,0,-10
131,"TF39","MSFSOLO","MYLO","MYLO7","TF","ELPLA","ELPLA1",50,40,1,10
131,"TF39","MSFSOLO","MYLO","MYLO7","TF","LAHYP","LAHYP1",35,35,0,0
131,"TF39","MSFSOLO","MYLO","MYLO7","TF","TYSTO","TYSTO1",30,25,1,5
132,"TF5","NFSOLO","MOMO","MOMO5","TF","THSCH","THSCH1",35,35,0,0
133,"TF6","MSFSOLO","TUOC","TUOC1","TF","CECIN","CECIN1",25,25,0,0
133,"TF6","MSFSOLO","TUOC","TUOC1","TF","DELON","DELON1",35,30,1,5
133,"TF6","MSFSOLO","TUOC","TUOC1","TF","MYSCL","MYSCL1",35,35,0,0
133,"TF6","MSFSOLO","TUOC","TUOC1","TF","UK1","UK1",30,30,0,0
134,"TF40","NFSOLO","HEGR","HEGR8","TF","HEGRI","HEGRI1",25,20,1,5
134,"TF40","NFSOLO","HEGR","HEGR8","TF","HEGRI","HEGRI1",20,20,0,0
134,"TF40","NFSOLO","HEGR","HEGR8","TF","RHSIM","RHSIM1",40,30,1,10
134,"TF40","NFSOLO","HEGR","HEGR8","TF","THSCH","THSCH1",35,35,0,0
134,"TF40","NFSOLO","HEGR","HEGR8","TF","UK1","UK1",40,30,1,10
135,"TF35","MSFSOLO","MYSC","MYSC5","TF","CYLIN","CYLIN1",70,55,1,15
135,"TF35","MSFSOLO","MYSC","MYSC5","TF","CYROT","CYROT1",55,55,0,0
135,"TF35","MSFSOLO","MYSC","MYSC5","TF","ELPLA","ELPLA1",30,15,1,15
135,"TF35","MSFSOLO","MYSC","MYSC5","TF","MYMYO","MYMYO1",55,30,1,25
135,"TF35","MSFSOLO","MYSC","MYSC5","TF","MYSCL","MYSCL1",70,70,0,0
135,"TF35","MSFSOLO","MYSC","MYSC5","TF","SCHEM","SCHEM1",25,30,0,-5
135,"TF35","MSFSOLO","MYSC","MYSC5","TF","SCHEM","SCHEM1",25,30,0,-5
135,"TF35","MSFSOLO","MYSC","MYSC5","TF","VILEU","VILEU1",55,60,0,-5
135,"TF35","MSFSOLO","MYSC","MYSC5","TF","XIELE","XIELE1",20,20,0,0
135,"TF35","MSFSOLO","MYSC","MYSC5","TF","XIGUT","XIGUT1",25,40,0,-15
136,"TF7","MSFSOLO","THAR","THAR7","TF","CECIN","CECIN1",25,25,0,0
136,"TF7","MSFSOLO","THAR","THAR7","TF","MYGAI","MYGAI1",30,35,0,-5
136,"TF7","MSFSOLO","THAR","THAR7","TF","PAHYP","PAHYP1",35,35,0,0
136,"TF7","MSFSOLO","THAR","THAR7","TF","TYSTO","TYSTO1",30,30,0,0
136,"TF7","MSFSOLO","THAR","THAR7","TF","UK2","UK2",35,25,1,10
137,"TF36","MSFSOLO","HARU","HARU8","TF","ELPLA","ELPLA1",10,15,0,-5
137,"TF36","MSFSOLO","HARU","HARU8","TF","MYMYO","MYMYO1",15,35,0,-20
137,"TF36","MSFSOLO","HARU","HARU8","TF","SCHEM","SCHEM1",45,40,1,5
137,"TF36","MSFSOLO","HARU","HARU8","TF","SCHEM","SCHEM1",60,40,1,20
137,"TF36","MSFSOLO","HARU","HARU8","TF","THSCY1","THSCY1",70,60,1,10
137,"TF36","MSFSOLO","HARU","HARU8","TF","TRRAM","TRRAM1",50,60,0,-10
137,"TF36","MSFSOLO","HARU","HARU8","TF","UKCOL1","UKCOL1",10,10,0,0
137,"TF36","MSFSOLO","HARU","HARU8","TF","XIGUT","XIGUT1",25,30,0,-5
138,"TF10","NFSOLO","MOMO","MOMO3","TF","CAAUR","CAAUR1",20,30,0,-10
138,"TF10","NFSOLO","MOMO","MOMO3","TF","CAAUR","CAAUR1",25,30,0,-5
138,"TF10","NFSOLO","MOMO","MOMO3","TF","ELPLA","ELPLA1",30,35,0,-5
138,"TF10","NFSOLO","MOMO","MOMO3","TF","MYSCL","MYSCL1",30,30,0,0
138,"TF10","NFSOLO","MOMO","MOMO3","TF","THSCH","THSCH1",35,30,1,5
138,"TF10","NFSOLO","MOMO","MOMO3","TF","XIGUT","XIGUT1",30,30,0,0
139,"TF18","MSFSOLO","TUOC","TUOC7","TF","LAHYP","LAHYP1",65,20,1,45
139,"TF18","MSFSOLO","TUOC","TUOC7","TF","LAHYP","LAHYP2",65,65,0,0
139,"TF18","MSFSOLO","TUOC","TUOC7","TF","SCHEM","SCHEM1",45,60,0,-15
139,"TF18","MSFSOLO","TUOC","TUOC7","TF","UKCAN1","UKCAN1",20,20,0,0
140,"TF5","MSFSOLO","HARU","HARU5","TF","HEGRI","HEGRI1",15,20,0,-5
140,"TF5","MSFSOLO","HARU","HARU5","TF","HEGRI","HEGRI1",15,20,0,-5
140,"TF5","MSFSOLO","HARU","HARU5","TF","MYGAI","MYGAI1",90,90,0,0
140,"TF5","MSFSOLO","HARU","HARU5","TF","MYGAI","MYGAI1",90,90,0,0
140,"TF5","MSFSOLO","HARU","HARU5","TF","MYMYO","MYMYO1",50,60,0,-10
140,"TF5","MSFSOLO","HARU","HARU5","TF","MYMYO","MYMYO1",50,60,0,-10
140,"TF5","MSFSOLO","HARU","HARU5","TF","THSCH","THSCH1",65,65,0,0
140,"TF5","MSFSOLO","HARU","HARU5","TF","THSCH","THSCH1",65,65,0,0
